{"compas": "0.17.2", "datatype": "force_density.network/CompressionNetwork", "data": {"attributes": {"name": "Network"}, "node_attributes": {"x": 0.0, "y": 0.0, "z": 0.0, "px": 0.0, "py": 0.0, "pz": 0.0, "rx": 0.0, "ry": 0.0, "rz": 0.0, "is_support": false}, "edge_attributes": {"q": 0.0, "length": 0.0, "force": 0.0}, "node": {"0": {"x": 0.0023005094844847918, "y": 0.736922025680542, "z": 1.017101764678955, "px": 0.0, "py": 0.0, "pz": -0.01795}, "1": {"x": 0.002247461350634694, "y": 0.9725079536437988, "z": 0.17200112342834473, "px": 0.0, "py": 0.0, "pz": -0.01795}, "10": {"x": 0.0026791931595653296, "y": -0.9449061155319214, "z": 0.43095070123672485, "px": 0.0, "py": 0.0, "pz": -0.01795}, "11": {"x": 0.002568816766142845, "y": -0.4546827971935272, "z": 1.592104434967041, "px": 0.0, "py": 0.0, "pz": -0.01795}, "12": {"x": 0.002468475140631199, "y": -0.009045161306858063, "z": 1.8252774477005005, "px": 0.0, "py": 0.0, "pz": -0.01795}, "13": {"x": 0.0023109556641429663, "y": 0.6905286312103271, "z": 1.1334028244018555, "px": 0.0, "py": 0.0, "pz": -0.01795}, "14": {"x": 0.0024983652401715517, "y": -0.14179234206676483, "z": 1.8078299760818481, "px": 0.0, "py": 0.0, "pz": -0.01795}, "15": {"x": 0.0026157463435083628, "y": -0.6631115674972534, "z": 1.2647913694381714, "px": 0.0, "py": 0.0, "pz": -0.01795}, "16": {"x": 0.0026722890324890614, "y": -0.9142420291900635, "z": 0.5518375635147095, "px": 0.0, "py": 0.0, "pz": -0.01795}, "17": {"x": 0.002282150089740753, "y": 0.8184584379196167, "z": 0.7774331569671631, "px": 0.0, "py": 0.0, "pz": -0.01795}, "18": {"x": 0.0026647932827472687, "y": -0.8809508085250854, "z": 0.6733227372169495, "px": 0.0, "py": 0.0, "pz": -0.01795}, "19": {"x": 0.0022741006687283516, "y": 0.8542080521583557, "z": 0.6563752293586731, "px": 0.0, "py": 0.0, "pz": -0.01795}, "2": {"x": 0.0023364550434052944, "y": 0.5772803425788879, "z": 1.3665661811828613, "px": 0.0, "py": 0.0, "pz": -0.01795}, "20": {"x": 0.002253484446555376, "y": 0.9457611441612244, "z": 0.2939366400241852, "px": 0.0, "py": 0.0, "pz": -0.01795}, "21": {"x": 0.002638186328113079, "y": -0.7627768516540527, "z": 1.0331581830978394, "px": 0.0, "py": 0.0, "pz": -0.01795}, "22": {"x": 0.002602220745757222, "y": -0.6030392646789551, "z": 1.3783457279205322, "px": 0.0, "py": 0.0, "pz": -0.01795}, "23": {"x": 0.002656754804775119, "y": -0.8452482223510742, "z": 0.7931414246559143, "px": 0.0, "py": 0.0, "pz": -0.01795}, "24": {"x": 0.002691451692953706, "y": -0.9993491768836975, "z": 0.1926749348640442, "px": 0.0, "py": 0.0, "pz": -0.01795}, "25": {"x": 0.00235163071192801, "y": 0.509881854057312, "z": 1.476251482963562, "px": 0.0, "py": 0.0, "pz": -0.01795}, "26": {"x": 0.0026855478063225746, "y": -0.9731292724609375, "z": 0.3114134967327118, "px": 0.0, "py": 0.0, "pz": -0.01795}, "27": {"x": 0.0023229867219924927, "y": 0.6370965838432312, "z": 1.251685619354248, "px": 0.0, "py": 0.0, "pz": -0.01795}, "28": {"x": 0.002697146497666836, "y": -1.0246410369873047, "z": 0.0707244798541069, "px": 0.0, "py": 0.0, "pz": -0.01795}, "29": {"x": 0.0022416613064706326, "y": 0.9982661604881287, "z": 0.04702164977788925, "is_support": true, "px": 0.0, "py": 0.0, "pz": -0.01795}, "3": {"x": 0.002627418376505375, "y": -0.7149515748023987, "z": 1.1516016721725464, "px": 0.0, "py": 0.0, "pz": -0.01795}, "30": {"x": 0.002412335015833378, "y": 0.24028316140174866, "z": 1.748227596282959, "px": 0.0, "py": 0.0, "pz": -0.01795}, "31": {"x": 0.0027055286336690187, "y": -1.06187105178833, "z": -0.11970243602991104, "is_support": true, "px": 0.0, "py": 0.0, "pz": -0.01795}, "32": {"x": 0.002290881471708417, "y": 0.779681921005249, "z": 0.8973745107650757, "px": 0.0, "py": 0.0, "pz": -0.01795}, "33": {"x": 0.002266746014356613, "y": 0.8868688344955444, "z": 0.5362019538879395, "px": 0.0, "py": 0.0, "pz": -0.01795}, "34": {"x": 0.002524928655475378, "y": -0.25976482033729553, "z": 1.7577416896820068, "px": 0.0, "py": 0.0, "pz": -0.01795}, "35": {"x": 0.0023683991748839617, "y": 0.4354100227355957, "z": 1.5756174325942993, "px": 0.0, "py": 0.0, "pz": -0.01795}, "4": {"x": 0.0023888740688562393, "y": 0.3444763422012329, "z": 1.670291543006897, "px": 0.0, "py": 0.0, "pz": -0.01795}, "5": {"x": 0.0022598684299737215, "y": 0.9174115657806396, "z": 0.41486841440200806, "px": 0.0, "py": 0.0, "pz": -0.01795}, "6": {"x": 0.002586628310382366, "y": -0.5337884426116943, "z": 1.4889498949050903, "px": 0.0, "py": 0.0, "pz": -0.01795}, "7": {"x": 0.002549045719206333, "y": -0.36687394976615906, "z": 1.680867314338684, "px": 0.0, "py": 0.0, "pz": -0.01795}, "8": {"x": 0.002440548501908779, "y": 0.11498147994279861, "z": 1.8052211999893188, "px": 0.0, "py": 0.0, "pz": -0.01795}, "9": {"x": 0.002647850662469864, "y": -0.8057003617286682, "z": 0.9142717123031616, "px": 0.0, "py": 0.0, "pz": -0.01795}}, "edge": {"0": {}, "1": {"20": {"q": -2.5}, "29": {"q": -2.5}}, "10": {}, "11": {"6": {"q": -2.5}, "7": {"q": -2.5}}, "12": {"14": {"q": -2.5}, "8": {"q": -2.5}}, "13": {"0": {"q": -2.5}, "27": {"q": -2.5}}, "14": {"34": {"q": -2.5}}, "15": {}, "16": {"10": {"q": -2.5}, "18": {"q": -2.5}}, "17": {"32": {"q": -2.5}}, "18": {}, "19": {"17": {"q": -2.5}}, "2": {"25": {"q": -2.5}}, "20": {"5": {"q": -2.5}}, "21": {"9": {"q": -2.5}}, "22": {"15": {"q": -2.5}}, "23": {"18": {"q": -2.5}}, "24": {}, "25": {}, "26": {"10": {"q": -2.5}, "24": {"q": -2.5}}, "27": {"2": {"q": -2.5}}, "28": {"24": {"q": -2.5}}, "29": {}, "3": {"15": {"q": -2.5}, "21": {"q": -2.5}}, "30": {"8": {"q": -2.5}}, "31": {"28": {"q": -2.5}}, "32": {"0": {"q": -2.5}}, "33": {"19": {"q": -2.5}}, "34": {"7": {"q": -2.5}}, "35": {"25": {"q": -2.5}, "4": {"q": -2.5}}, "4": {"30": {"q": -2.5}}, "5": {"33": {"q": -2.5}}, "6": {"22": {"q": -2.5}}, "7": {}, "8": {}, "9": {"23": {"q": -2.5}}}, "adjacency": {"0": {"13": null, "32": null}, "1": {"20": null, "29": null}, "10": {"16": null, "26": null}, "11": {"6": null, "7": null}, "12": {"14": null, "8": null}, "13": {"0": null, "27": null}, "14": {"12": null, "34": null}, "15": {"22": null, "3": null}, "16": {"10": null, "18": null}, "17": {"19": null, "32": null}, "18": {"16": null, "23": null}, "19": {"17": null, "33": null}, "2": {"25": null, "27": null}, "20": {"1": null, "5": null}, "21": {"3": null, "9": null}, "22": {"15": null, "6": null}, "23": {"18": null, "9": null}, "24": {"26": null, "28": null}, "25": {"2": null, "35": null}, "26": {"10": null, "24": null}, "27": {"13": null, "2": null}, "28": {"24": null, "31": null}, "29": {"1": null}, "3": {"15": null, "21": null}, "30": {"4": null, "8": null}, "31": {"28": null}, "32": {"0": null, "17": null}, "33": {"19": null, "5": null}, "34": {"14": null, "7": null}, "35": {"25": null, "4": null}, "4": {"30": null, "35": null}, "5": {"20": null, "33": null}, "6": {"11": null, "22": null}, "7": {"11": null, "34": null}, "8": {"12": null, "30": null}, "9": {"21": null, "23": null}}, "max_int_key": 35}}