{"compas": "0.17.2", "datatype": "force_density.network/CompressionNetwork", "data": {"attributes": {"name": "Network"}, "node_attributes": {"x": 0.0, "y": 0.0, "z": 0.0, "px": 0.0, "py": 0.0, "pz": 0.0, "rx": 0.0, "ry": 0.0, "rz": 0.0, "is_support": false}, "edge_attributes": {"q": 0.0, "length": 0.0, "force": 0.0}, "node": {"0": {"x": -0.02144884131848812, "y": 0.7275007367134094, "z": 1.0802615880966187, "px": 0.0, "py": 0.0, "pz": -0.01795}, "1": {"x": -0.0026082266122102737, "y": 0.9696301817893982, "z": 0.18542711436748505, "px": 0.0, "py": 0.0, "pz": -0.01795}, "10": {"x": -0.0255709458142519, "y": -0.41197657585144043, "z": 1.7025960683822632, "px": 0.0, "py": 0.0, "pz": -0.01795}, "11": {"x": -0.04570696875452995, "y": 0.050819966942071915, "z": 1.853976845741272, "px": 0.0, "py": 0.0, "pz": -0.01795}, "12": {"x": -0.007730964105576277, "y": -0.8220032453536987, "z": 0.9201940894126892, "px": 0.0, "py": 0.0, "pz": -0.01795}, "13": {"x": -0.12384935468435287, "y": 0.33637604117393494, "z": 1.663680911064148, "px": 0.0, "py": 0.0, "pz": -0.01795, "is_support": true}, "14": {"x": -0.002029707422479987, "y": -0.9530386328697205, "z": 0.42634865641593933, "px": 0.0, "py": 0.0, "pz": -0.01795}, "15": {"x": -0.022061748430132866, "y": -0.4926304221153259, "z": 1.6101409196853638, "px": 0.0, "py": 0.0, "pz": -0.01795}, "16": {"x": -0.02522622048854828, "y": 0.6789558529853821, "z": 1.1999504566192627, "px": 0.0, "py": 0.0, "pz": -0.01795}, "17": {"x": -0.04040847346186638, "y": -0.07095804810523987, "z": 1.8658865690231323, "px": 0.0, "py": 0.0, "pz": -0.01795}, "18": {"x": -0.003314057132229209, "y": -0.9235198497772217, "z": 0.5519999265670776, "px": 0.0, "py": 0.0, "pz": -0.01795}, "19": {"x": -0.03464780002832413, "y": -0.20335841178894043, "z": 1.851381540298462, "px": 0.0, "py": 0.0, "pz": -0.01795}, "2": {"x": -0.03479212895035744, "y": 0.5560199022293091, "z": 1.4448914527893066, "px": 0.0, "py": 0.0, "pz": -0.01795}, "20": {"x": -0.013531181029975414, "y": -0.6886932849884033, "z": 1.2730125188827515, "px": 0.0, "py": 0.0, "pz": -0.01795}, "21": {"x": -0.014705196022987366, "y": 0.8141664862632751, "z": 0.8288601636886597, "px": 0.0, "py": 0.0, "pz": -0.01795}, "22": {"x": -0.029706234112381935, "y": -0.31693288683891296, "z": 1.9148389101028442, "px": 0.0, "py": 0.0, "pz": -0.01795}, "23": {"x": -0.011913297697901726, "y": 0.8500466346740723, "z": 0.6996606588363647, "px": 0.0, "py": 0.0, "pz": -0.01795}, "24": {"x": -0.009445076808333397, "y": -0.7826066613197327, "z": 1.1618760824203491, "px": 0.0, "py": 0.0, "pz": -0.01795}, "25": {"x": -0.00464600557461381, "y": 0.9434416890144348, "z": 0.3154081702232361, "px": 0.0, "py": 0.0, "pz": -0.01795}, "26": {"x": -0.007730965036898851, "y": -0.8220032453536987, "z": 1.0431941747665405, "px": 0.0, "py": 0.0, "pz": -0.01795}, "27": {"x": -0.004731624387204647, "y": -0.8909390568733215, "z": 0.6771727204322815, "px": 0.0, "py": 0.0, "pz": -0.01795}, "28": {"x": -0.015887027606368065, "y": -0.6345474720001221, "z": 1.3912174701690674, "px": 0.0, "py": 0.0, "pz": -0.01795}, "29": {"x": -0.029609667137265205, "y": 0.6226221323013306, "z": 1.4490512609481812, "px": 0.0, "py": 0.0, "pz": -0.01795}, "3": {"x": -0.03464779630303383, "y": -0.20335841178894043, "z": 1.9743810892105103, "px": 0.0, "py": 0.0, "pz": -0.01795}, "30": {"x": -0.009445076808333397, "y": -0.7826066613197327, "z": 1.0388760566711426, "px": 0.0, "py": 0.0, "pz": -0.01795}, "31": {"x": -0.006151037290692329, "y": -0.8583157062530518, "z": 0.7957438826560974, "px": 0.0, "py": 0.0, "pz": -0.01795}, "32": {"x": 0.0002126253821188584, "y": -1.004575252532959, "z": 0.1804879605770111, "px": 0.0, "py": 0.0, "pz": -0.01795}, "33": {"x": -0.04114142805337906, "y": 0.4744218587875366, "z": 1.553431510925293, "px": 0.0, "py": 0.0, "pz": -0.01795}, "34": {"x": -0.034792132675647736, "y": 0.5560199618339539, "z": 1.5678914785385132, "px": 0.0, "py": 0.0, "pz": -0.01795}, "35": {"x": -0.0008605974144302309, "y": -0.9799088835716248, "z": 0.3008282482624054, "px": 0.0, "py": 0.0, "pz": -0.01795}, "36": {"x": -0.029609667137265205, "y": 0.6226221323013306, "z": 1.3260514736175537, "px": 0.0, "py": 0.0, "pz": -0.01795}, "37": {"x": -0.05133748799562454, "y": 0.18022899329662323, "z": 1.937487006187439, "px": 0.0, "py": 0.0, "pz": -0.01795}, "38": {"x": -0.017797062173485756, "y": 0.7744314074516296, "z": 1.076895833015442, "px": 0.0, "py": 0.0, "pz": -0.01795}, "39": {"x": 0.0008629929507151246, "y": -1.019523024559021, "z": 0.10446286201477051, "px": 0.0, "py": 0.0, "pz": -0.01795}, "4": {"x": -0.011468254961073399, "y": -0.7361067533493042, "z": 1.1596733331680298, "px": 0.0, "py": 0.0, "pz": -0.01795}, "40": {"x": -0.014705195091664791, "y": 0.8141664862632751, "z": 0.9518600106239319, "px": 0.0, "py": 0.0, "pz": -0.01795}, "41": {"x": 0.0016727251932024956, "y": 1.0246467590332031, "z": -0.11095042526721954, "is_support": true, "px": 0.0, "py": 0.0, "pz": -0.01795}, "42": {"x": -0.006863999646157026, "y": 0.9149373173713684, "z": 0.5669394135475159, "px": 0.0, "py": 0.0, "pz": -0.01795}, "43": {"x": -0.0007075078319758177, "y": 0.9940572381019592, "z": 0.05864189565181732, "px": 0.0, "py": 0.0, "pz": -0.01795}, "44": {"x": -0.003314057132229209, "y": -0.9235197305679321, "z": 0.6749997735023499, "px": 0.0, "py": 0.0, "pz": -0.01795}, "45": {"x": -0.00464600557461381, "y": 0.9434417486190796, "z": 0.43840816617012024, "px": 0.0, "py": 0.0, "pz": -0.01795}, "46": {"x": -0.05133748799562454, "y": 0.18022899329662323, "z": 1.8144869804382324, "px": 0.0, "py": 0.0, "pz": -0.01795}, "47": {"x": -0.015887029469013214, "y": -0.6345475316047668, "z": 1.5142176151275635, "px": 0.0, "py": 0.0, "pz": -0.01795}, "48": {"x": 0.0027055286336690187, "y": -1.06187105178833, "z": -0.11970243602991104, "is_support": true, "px": 0.0, "py": 0.0, "pz": -0.01795}, "49": {"x": -0.017797062173485756, "y": 0.7744314074516296, "z": 0.9538959264755249, "px": 0.0, "py": 0.0, "pz": -0.01795}, "5": {"x": -0.0558905303478241, "y": 0.28487372398376465, "z": 1.7391571998596191, "px": 0.0, "py": 0.0, "pz": -0.01795}, "50": {"x": -0.009373157285153866, "y": 0.8826910257339478, "z": 0.5746989846229553, "px": 0.0, "py": 0.0, "pz": -0.01795}, "51": {"x": -0.029706235975027084, "y": -0.31693288683891296, "z": 1.7918388843536377, "px": 0.0, "py": 0.0, "pz": -0.01795}, "52": {"x": -0.018700234591960907, "y": -0.5698899626731873, "z": 1.6285566091537476, "px": 0.0, "py": 0.0, "pz": -0.01795}, "53": {"x": -0.047883290797472, "y": 0.38777869939804077, "z": 1.64900803565979, "px": 0.0, "py": 0.0, "pz": -0.01795}, "6": {"x": -0.006864000111818314, "y": 0.9149373173713684, "z": 0.4439394176006317, "px": 0.0, "py": 0.0, "pz": -0.01795}, "7": {"x": -0.002029707422479987, "y": -0.9530386924743652, "z": 0.5493486523628235, "px": 0.0, "py": 0.0, "pz": -0.01795}, "8": {"x": -0.018700234591960907, "y": -0.5698899626731873, "z": 1.505556583404541, "px": 0.0, "py": 0.0, "pz": -0.01795}, "9": {"x": 0.00034459325252100825, "y": 1.0075783729553223, "z": -0.014607490971684456, "px": 0.0, "py": 0.0, "pz": -0.01795}}, "edge": {"0": {}, "1": {"25": {"q": -3.018532516717125}, "43": {"q": -3.2361977606937447}}, "10": {}, "11": {}, "12": {"31": {"q": -2.3839489679056345}}, "13": {"5": {"q": -0.14593495934959352}}, "14": {}, "15": {"10": {"q": -1.0733135177866142}, "8": {"q": -1.1204683837218155}}, "16": {"0": {"q": -1.6284050531841878}, "36": {"q": -1.4032564134224492}}, "17": {"11": {"q": -0.7108571273371211}, "19": {"q": -0.6538257508492809}}, "18": {"14": {"q": -2.9325869270869545}, "27": {"q": -2.656992998381255}}, "19": {"51": {"q": -0.7622029146152153}}, "2": {"33": {"q": -0.9687829223999667}}, "20": {}, "21": {"49": {"q": -1.9894450927028564}}, "22": {}, "23": {"21": {"q": -2.203195585871822}}, "24": {}, "25": {"45": {"q": -0.1459349593495935}, "6": {"q": -2.773272345058007}}, "26": {"12": {"q": -0.1459349593495935}}, "27": {}, "28": {"20": {"q": -1.5987736028543422}},