{"compas": "0.17.2", "datatype": "force_density.network/CompressionNetwork", "data": {"attributes": {"name": "Network"}, "node_attributes": {"x": 0.0, "y": 0.0, "z": 0.0, "px": 0.0, "py": 0.0, "pz": 0.0, "rx": 0.0, "ry": 0.0, "rz": 0.0, "is_support": false}, "edge_attributes": {"q": 0.0, "length": 0.0, "force": 0.0}, "node": {"0": {"x": 0.001364904223009944, "y": 0.5246317982673645, "z": 1.312878966331482, "px": 0.0, "py": 0.0, "pz": -0.01795}, "1": {"x": 0.0021320669911801815, "y": 0.9390618801116943, "z": 0.2471371591091156, "px": 0.0, "py": 0.0, "pz": -0.01795}, "10": {"x": 0.0021884231828153133, "y": -0.8277238607406616, "z": 0.6467468738555908, "px": 0.0, "py": 0.0, "pz": -0.01795}, "11": {"x": 0.0008956580422818661, "y": -0.24235478043556213, "z": 1.7252025604248047, "px": 0.0, "py": 0.0, "pz": -0.01795}, "12": {"x": 0.0003785516892094165, "y": -0.008207052946090698, "z": 1.8215177059173584, "is_support": true, "px": 0.0, "py": 0.0, "pz": -0.01795}, "13": {"x": 0.0012553094420582056, "y": 0.4654274582862854, "z": 1.417261004447937, "px": 0.0, "py": 0.0, "pz": -0.01795}, "14": {"x": 0.000507828313857317, "y": -0.06674398481845856, "z": 1.8153889179229736, "px": 0.0, "py": 0.0, "pz": -0.01795}, "15": {"x": 0.001283487887121737, "y": -0.41796553134918213, "z": 1.5273160934448242, "px": 0.0, "py": 0.0, "pz": -0.01795}, "16": {"x": 0.002059146761894226, "y": -0.7691869735717773, "z": 0.8084425330162048, "px": 0.0, "py": 0.0, "pz": -0.01795}, "17": {"x": 0.0015840934356674552, "y": 0.6430403590202332, "z": 1.0682146549224854, "px": 0.0, "py": 0.0, "pz": -0.01795}, "18": {"x": 0.0019298704573884606, "y": -0.7106500864028931, "z": 0.9581714868545532, "px": 0.0, "py": 0.0, "pz": -0.01795}, "19": {"x": 0.0016936882166191936, "y": 0.7022446393966675, "z": 0.9279324412345886, "px": 0.0, "py": 0.0, "pz": -0.01795}, "2": {"x": 0.0010361199965700507, "y": 0.347018837928772, "z": 1.5901254415512085, "px": 0.0, "py": 0.0, "pz": -0.01795}, "20": {"x": 0.002022472210228443, "y": 0.87985759973526, "z": 0.4352859556674957, "px": 0.0, "py": 0.0, "pz": -0.01795}, "21": {"x": 0.001542041078209877, "y": -0.5350394248962402, "z": 1.3355584144592285, "px": 0.0, "py": 0.0, "pz": -0.01795}, "22": {"x": 0.001154211233370006, "y": -0.35942861437797546, "z": 1.6052449941635132, "px": 0.0, "py": 0.0, "pz": -0.01795}, "23": {"x": 0.0018005940364673734, "y": -0.6521132588386536, "z": 1.0959337949752808, "px": 0.0, "py": 0.0, "pz": -0.01795}, "24": {"x": 0.002446976024657488, "y": -0.9447974562644958, "z": 0.28745561838150024, "px": 0.0, "py": 0.0, "pz": -0.01795}, "25": {"x": 0.0009265252156183124, "y": 0.28781452775001526, "z": 1.6586074829101562, "px": 0.0, "py": 0.0, "pz": -0.01795}, "26": {"x": 0.0023176996037364006, "y": -0.8862606287002563, "z": 0.47308459877967834, "px": 0.0, "py": 0.0, "pz": -0.01795}, "27": {"x": 0.0011457146611064672, "y": 0.4062231481075287, "z": 1.509676456451416, "px": 0.0, "py": 0.0, "pz": -0.01795}, "28": {"x": 0.0025762522127479315, "y": -1.0033341646194458, "z": 0.08985990285873413, "px": 0.0, "py": 0.0, "pz": -0.01795}, "29": {"x": 0.0022416613064706326, "y": 0.9982661604881287, "z": 0.04702164977788925, "is_support": true, "px": 0.0, "py": 0.0, "pz": -0.01795}, "3": {"x": 0.001412764540873468, "y": -0.4765024781227112, "z": 1.4374206066131592, "px": 0.0, "py": 0.0, "pz": -0.01795}, "30": {"x": 0.0005977411638014019, "y": 0.11020158231258392, "z": 1.7922537326812744, "px": 0.0, "py": 0.0, "pz": -0.01795}, "31": {"x": 0.0027055286336690187, "y": -1.06187105178833, "z": -0.11970243602991104, "is_support": true, "px": 0.0, "py": 0.0, "pz": -0.01795}, "32": {"x": 0.0014744987711310387, "y": 0.5838360786437988, "z": 1.1965301036834717, "px": 0.0, "py": 0.0, "pz": -0.01795}, "33": {"x": 0.001803282997570932, "y": 0.7614489793777466, "z": 0.775683581829071, "px": 0.0, "py": 0.0, "pz": -0.01795}, "34": {"x": 0.000637104909401387, "y": -0.12528091669082642, "z": 1.7972933053970337, "px": 0.0, "py": 0.0, "pz": -0.01795}, "35": {"x": 0.0008169305510818958, "y": 0.22861023247241974, "z": 1.7151228189468384, "px": 0.0, "py": 0.0, "pz": -0.01795}, "4": {"x": 0.0007073358283378184, "y": 0.16940589249134064, "z": 1.7596714496612549, "px": 0.0, "py": 0.0, "pz": -0.01795}, "5": {"x": 0.0019128775456920266, "y": 0.8206533193588257, "z": 0.6114680767059326, "px": 0.0, "py": 0.0, "pz": -0.01795}, "6": {"x": 0.001024934696033597, "y": -0.3008916974067688, "z": 1.671207070350647, "px": 0.0, "py": 0.0, "pz": -0.01795}, "7": {"x": 0.0007663814467377961, "y": -0.18381784856319427, "z": 1.7672313451766968, "px": 0.0, "py": 0.0, "pz": -0.01795}, "8": {"x": 0.00048814641195349395, "y": 0.05099726468324661, "z": 1.8128689527511597, "px": 0.0, "py": 0.0, "pz": -0.01795}, "9": {"x": 0.001671317615546286, "y": -0.5935763120651245, "z": 1.2217295169830322, "px": 0.0, "py": 0.0, "pz": -0.01795}}, "edge": {"0": {}, "1": {"20": {"q": -1.5}, "29": {"q": -1.5}}, "10": {}, "11": {"6": {"q": -1.5}, "7": {"q": -1.5}}, "12": {"14": {"q": -1.5}, "8": {"q": -1.5}}, "13": {"0": {"q": -1.5}, "27": {"q": -1.5}}, "14": {"34": {"q": -1.5}}, "15": {}, "16": {"10": {"q": -1.5}, "18": {"q": -1.5}}, "17": {"32": {"q": -1.5}}, "18": {}, "19": {"17": {"q": -1.5}}, "2": {"25": {"q": -1.5}}, "20": {"5": {"q": -1.5}}, "21": {"9": {"q": -1.5}}, "22": {"15": {"q": -1.5}}, "23": {"18": {"q": -1.5}}, "24": {}, "25": {}, "26": {"10": {"q": -1.5}, "24": {"q": -1.5}}, "27": {"2": {"q": -1.5}}, "28": {"24": {"q": -1.5}}, "29": {}, "3": {"15": {"q": -1.5}, "21": {"q": -1.5}}, "30": {"8": {"q": -1.5}}, "31": {"28": {"q": -1.5}}, "32": {"0": {"q": -1.5}}, "33": {"19": {"q": -1.5}}, "34": {"7": {"q": -1.5}}, "35": {"25": {"q": -1.5}, "4": {"q": -1.5}}, "4": {"30": {"q": -1.5}}, "5": {"33": {"q": -1.5}}, "6": {"22": {"q": -1.5}}, "7": {}, "8": {}, "9": {"23": {"q": -1.5}}}, "adjacency": {"0": {"13": null, "32": null}, "1": {"20": null, "29": null}, "10": {"16": null, "26": null}, "11": {"6": null, "7": null}, "12": {"14": null, "8": null}, "13": {"0": null, "27": null}, "14": {"12": null, "34": null}, "15": {"22": null, "3": null}, "16": {"10": null, "18": null}, "17": {"19": null, "32": null}, "18": {"16": null, "23": null}, "19": {"17": null, "33": null}, "2": {"25": null, "27": null}, "20": {"1": null, "5": null}, "21": {"3": null, "9": null}, "22": {"15": null, "6": null}, "23": {"18": null, "9": null}, "24": {"26": null, "28": null}, "25": {"2": null, "35": null}, "26": {"10": null, "24": null}, "27": {"13": null, "2": null}, "28": {"24": null, "31": null}, "29": {"1": null}, "3": {"15": null, "21": null}, "30": {"4": null, "8": null}, "31": {"28": null}, "32": {"0": null, "17": null}, "33": {"19": null, "5": null}, "34": {"14": null, "7": null}, "35": {"25": null, "4": null}, "4": {"30": null, "35": null}, "5": {"20": null, "33": null}, "6": {"11": null, "22": null}, "7": {"11": null, "34": null}, "8": {"12": null, "30": null}, "9": {"21": null, "23": null}}, "max_int_key": 35}}