{"compas": "0.17.2", "datatype": "force_density.network/CompressionNetwork", "data": {"attributes": {"name": "Network"}, "node_attributes": {"x": 0.0, "y": 0.0, "z": 0.0, "px": 0.0, "py": 0.0, "pz": 0.0, "rx": 0.0, "ry": 0.0, "rz": 0.0, "is_support": false}, "edge_attributes": {"q": 0.0, "length": 0.0, "force": 0.0}, "node": {"0": {"x": -0.0004497707225561036, "y": 0.7399157544983974, "z": 1.0197002426215922, "px": 0.0, "py": 0.0, "pz": -0.01795}, "1": {"x": 0.0022263491936759853, "y": 0.9744179605591853, "z": 0.16768756859110226, "px": 0.0, "py": 0.0, "pz": -0.01795}, "10": {"x": 0.001644308540035219, "y": -0.9514765095621912, "z": 0.42625965151681555, "px": 0.0, "py": 0.0, "pz": -0.01795}, "11": {"x": 0.00014793007406703622, "y": -0.44893548623788315, "z": 1.5897627601517463, "px": 0.0, "py": 0.0, "pz": -0.01795}, "12": {"x": 0.0003785517006390383, "y": -0.008207053226591945, "z": 1.8215176646849784, "px": 0.0, "py": 0.0, "pz": -0.01795}, "13": {"x": -0.00039435492463403614, "y": 0.6939402357457224, "z": 1.1337846350883616, "px": 0.0, "py": 0.0, "pz": -0.01795}, "14": {"x": -0.001250711417634534, "y": -0.1416011533435871, "z": 1.8110016787501713, "px": 0.0, "py": 0.0, "pz": -0.01795}, "15": {"x": 0.00040845942317914614, "y": -0.666577794803684, "z": 1.2660986365249425, "px": 0.0, "py": 0.0, "pz": -0.01795}, "16": {"x": -0.0007399313096789157, "y": -0.9205346192599068, "z": 0.5515587752934812, "px": 0.0, "py": 0.0, "pz": -0.01795}, "17": {"x": -0.0013413219489929703, "y": 0.8225289077928065, "z": 0.7800915801332952, "px": 0.0, "py": 0.0, "pz": -0.01795}, "18": {"x": 0.0006314599359712989, "y": -0.8858736878413467, "z": 0.6761877851848666, "px": 0.0, "py": 0.0, "pz": -0.01795}, "19": {"x": -0.00012319667174245203, "y": 0.8575363520163413, "z": 0.6571108129621462, "px": 0.0, "py": 0.0, "pz": -0.01795}, "2": {"x": 0.0013280533590840876, "y": 0.5792391029042747, "z": 1.3688663076630359, "px": 0.0, "py": 0.0, "pz": -0.01795}, "20": {"x": -0.0012858511475453724, "y": 0.9486388445436698, "z": 0.29138378325129305, "px": 0.0, "py": 0.0, "pz": -0.01795}, "21": {"x": -0.0010587385322570243, "y": -0.7696126470929212, "z": 1.0355300088343784, "px": 0.0, "py": 0.0, "pz": -0.01795}, "22": {"x": 0.0015366448933796875, "y": -0.6058977136202306, "z": 1.3811209718769426, "px": 0.0, "py": 0.0, "pz": -0.01795}, "23": {"x": 0.0006008225120179928, "y": -0.8509510668140796, "z": 0.7941259452601119, "px": 0.0, "py": 0.0, "pz": -0.01795}, "24": {"x": 0.0007535526283245795, "y": -1.0051243977167157, "z": 0.18081117319395157, "px": 0.0, "py": 0.0, "pz": -0.01795}, "25": {"x": -0.0003173799980629628, "y": 0.5063412959389784, "z": 1.4760618696860486, "px": 0.0, "py": 0.0, "pz": -0.01795}, "26": {"x": 0.0007305782070834161, "y": -0.9793996292271948, "z": 0.3010909959338299, "px": 0.0, "py": 0.0, "pz": -0.01795}, "27": {"x": -0.0018083322658817168, "y": 0.6406256484502681, "z": 1.2543551006785256, "px": 0.0, "py": 0.0, "pz": -0.01795}, "28": {"x": 0.0012498198223967107, "y": -1.0195515643574928, "z": 0.1044090831954221, "px": 0.0, "py": 0.0, "pz": -0.01795}, "29": {"x": 0.0022416614002545724, "y": 0.9982661343239372, "z": 0.04702164807655694, "is_support": true, "px": 0.0, "py": 0.0, "pz": -0.01795}, "3": {"x": 0.000408160572285261, "y": -0.7186126771010742, "z": 1.1546474318468074, "px": 0.0, "py": 0.0, "pz": -0.01795}, "30": {"x": 0.0016144636691336487, "y": 0.2386220818804787, "z": 1.7478141767733413, "px": 0.0, "py": 0.0, "pz": -0.01795}, "31": {"x": 0.0027055286090678955, "y": -1.0618710114146686, "z": -0.11970243386515661, "is_support": true, "px": 0.0, "py": 0.0, "pz": -0.01795}, "32": {"x": 0.0011101133464669246, "y": 0.7845977049771543, "z": 0.899211476844822, "px": 0.0, "py": 0.0, "pz": -0.01795}, "33": {"x": -0.00014418263068398214, "y": 0.8891166379669863, "z": 0.5382340486267007, "px": 0.0, "py": 0.0, "pz": -0.01795}, "34": {"x": 0.0012222908722947566, "y": -0.25821807016473225, "z": 1.7565418713404963, "px": 0.0, "py": 0.0, "pz": -0.01795}, "35": {"x": -0.00017576768283220014, "y": 0.43051085058985, "z": 1.5729056795249075, "px": 0.0, "py": 0.0, "pz": -0.01795}, "4": {"x": -0.0010626401013890216, "y": 0.34132530751241025, "z": 1.6689656158622745, "px": 0.0, "py": 0.0, "pz": -0.01795}, "5": {"x": 0.0010761154971479741, "y": 0.9208523684220564, "z": 0.413697183299741, "px": 0.0, "py": 0.0, "pz": -0.01795}, "6": {"x": -0.001694400778219567, "y": -0.5341500507134638, "z": 1.4911918830716853, "px": 0.0, "py": 0.0, "pz": -0.01795}, "7": {"x": -1.0353737869510285e-05, "y": -0.3609947131128544, "z": 1.6757592447799405, "px": 0.0, "py": 0.0, "pz": -0.01795}, "8": {"x": 0.00033557812985327283, "y": 0.1127360220829955, "z": 1.7991174261163445, "px": 0.0, "py": 0.0, "pz": -0.01795}, "9": {"x": 0.0014797421192063282, "y": -0.8119414789606475, "z": 0.9178039863023506, "px": 0.0, "py": 0.0, "pz": -0.01795}}, "edge": {"0": {}, "1": {"20": {"q": -2.5}, "29": {"q": -2.5}}, "10": {}, "11": {"6": {"q": -2.5}, "7": {"q": -2.5}}, "12": {"14": {"q": -2.5}, "8": {"q": -2.5}}, "13": {"0": {"q": -2.5}, "27": {"q": -2.5}}, "14": {"34": {"q": -2.5}}, "15": {}, "16": {"10": {"q": -2.5}, "18": {"q": -2.5}}, "17": {"32": {"q": -2.5}}, "18": {}, "19": {"17": {"q": -2.5}}, "2": {"25": {"q": -2.5}}, "20": {"5": {"q": -2.5}}, "21": {"9": {"q": -2.5}}, "22": {"15": {"q": -2.5}}, "23": {"18": {"q": -2.5}}, "24": {}, "25": {}, "26": {"10": {"q": -2.5}, "24": {"q": -2.5}}, "27": {"2": {"q": -2.5}}, "28": {"24": {"q": -2.5}}, "29": {}, "3": {"15": {"q": -2.5}, "21": {"q": -2.5}}, "30": {"8": {"q": -2.5}}, "31": {"28": {"q": -2.5}}, "32": {"0": {"q": -2.5}}, "33": {"19": {"q": -2.5}}, "34": {"7": {"q": -2.5}}, "35": {"25": {"q": -2.5}, "4": {"q": -2.5}}, "4": {"30": {"q": -2.5}}, "5": {"33": {"q": -2.5}}, "6": {"22": {"q": -2.5}}, "7": {}, "8": {}, "9": {"23": {"q": -2.5}}}, "adjacency": {"0": {"13": null, "32": null}, "1": {"20": null, "29": null}, "10": {"16": null, "26": null}, "11": {"6": null, "7": null}, "12": {"14": null, "8": null}, "13": {"0": null, "27": null}, "14": {"12": null, "34": null}, "15": {"22": null, "3": null}, "16": {"10": null, "18": null}, "17": {"19": null, "32": null}, "18": {"16": null, "23": null}, "19": {"17": null, "33": null}, "2": {"25": null, "27": null}, "20": {"1": null, "5": null}, "21": {"3": null, "9": null}, "22": {"15": null, "6": null}, "23": {"18": null, "9": null}, "24": {"26": null, "28": null}, "25": {"2": null, "35": null}, "26": {"10": null, "24": null}, "27": {"13": null, "2": null}, "28": {"24": null, "31": null}, "29": {"1": null}, "3": {"15": null, "21": null}, "30": {"4": null, "8": null}, "31": {"28": null}, "32": {"0": null, "17": null}, "33": {"19": null, "5": null}, "34": {"14": null, "7": null}, "35": {"25": null, "4": null}, "4": {"30": null, "35": null}, "5": {"20": null, "33": null}, "6": {"11": null, "22": null}, "7": {"11": null, "34": null}, "8": {"12": null, "30": null}, "9": {"21": null, "23": null}}, "max_int_key": 35}}