{"compas": "0.17.2", "datatype": "force_density.network/CompressionNetwork", "data": {"attributes": {"name": "Network"}, "node_attributes": {"x": 0.0, "y": 0.0, "z": 0.0, "px": 0.0, "py": 0.0, "pz": 0.0, "rx": 0.0, "ry": 0.0, "rz": 0.0, "is_support": false}, "edge_attributes": {"q": 0.0, "length": 0.0, "force": 0.0}, "node": {"0": {"x": 0.0016727251761361472, "y": 1.02464679790973, "z": -0.11095042668632785, "is_support": true, "px": 0.0, "py": 0.0, "pz": -0.01795}, "1": {"x": 0.002181769501436115, "y": 1.0118838144561817, "z": -0.02010251175674272, "px": 0.0, "py": 0.0, "pz": -0.01795}, "10": {"x": -0.0013413219489929703, "y": 0.8225289077928065, "z": 0.7800915801332952, "px": 0.0, "py": 0.0, "pz": -0.01795}, "11": {"x": -0.12420152663696724, "y": 0.8169160994231806, "z": 0.7783985100712257, "px": 0.0, "py": 0.0, "pz": -0.01795}, "12": {"x": 0.0011101133464669246, "y": 0.7845977049771543, "z": 0.899211476844822, "px": 0.0, "py": 0.0, "pz": -0.01795}, "13": {"x": 0.12381651260814104, "y": 0.7926511652840552, "z": 0.9019098758738667, "px": 0.0, "py": 0.0, "pz": -0.01795}, "14": {"x": -0.0004497707225561036, "y": 0.7399157544983974, "z": 1.0197002426215922, "px": 0.0, "py": 0.0, "pz": -0.01795}, "15": {"x": -0.00039435492463403614, "y": 0.6939402357457224, "z": 1.1337846350883616, "px": 0.0, "py": 0.0, "pz": -0.01795}, "16": {"x": -0.0018083322658817168, "y": 0.6406256484502681, "z": 1.2543551006785256, "px": 0.0, "py": 0.0, "pz": -0.01795}, "17": {"x": -0.12456722251025125, "y": 0.6337430549491677, "z": 1.250907670814187, "px": 0.0, "py": 0.0, "pz": -0.01795}, "18": {"x": 0.0013280533590840876, "y": 0.5792391029042747, "z": 1.3688663076630359, "px": 0.0, "py": 0.0, "pz": -0.01795}, "19": {"x": 0.12382401935586591, "y": 0.5888149850623886, "z": 1.3745267666028511, "px": 0.0, "py": 0.0, "pz": -0.01795}, "2": {"x": 0.0022416614002545724, "y": 0.9982661343239372, "z": 0.04702164807655694, "px": 0.0, "py": 0.0, "pz": -0.01795}, "20": {"x": -0.0003173799980629628, "y": 0.5063412959389784, "z": 1.4760618696860486, "px": 0.0, "py": 0.0, "pz": -0.01795}, "21": {"x": -0.00017576768283220014, "y": 0.43051085058985, "z": 1.5729056795249075, "px": 0.0, "py": 0.0, "pz": -0.01795}, "22": {"x": -0.0010626401013890216, "y": 0.34132530751241025, "z": 1.6689656158622745, "px": 0.0, "py": 0.0, "pz": -0.01795}, "23": {"x": -0.1238493541455352, "y": 0.33637603282533857, "z": 1.6636809650400157, "px": 0.0, "py": 0.0, "pz": -0.01795}, "24": {"x": 0.0016144636691336487, "y": 0.2386220818804787, "z": 1.7478141767733413, "px": 0.0, "py": 0.0, "pz": -0.01795}, "25": {"x": 0.1241195854990098, "y": 0.2446076938291358, "z": 1.7570698547629588, "px": 0.0, "py": 0.0, "pz": -0.01795}, "26": {"x": 0.00033557812985327283, "y": 0.1127360220829955, "z": 1.7991174261163445, "px": 0.0, "py": 0.0, "pz": -0.01795}, "27": {"x": 0.0003785517006390383, "y": -0.008207053226591945, "z": 1.8215176646849784, "px": 0.0, "py": 0.0, "pz": -0.01795}, "28": {"x": -0.001250711417634534, "y": -0.1416011533435871, "z": 1.8110016787501713, "px": 0.0, "py": 0.0, "pz": -0.01795}, "29": {"x": -0.12393960135623514, "y": -0.14507438775924061, "z": 1.8190249529152398, "px": 0.0, "py": 0.0, "pz": -0.01795}, "3": {"x": 0.0022263491936759853, "y": 0.9744179605591853, "z": 0.16768756859110226, "px": 0.0, "py": 0.0, "pz": -0.01795}, "30": {"x": 0.0012222908722947566, "y": -0.25821807016473225, "z": 1.7565418713404963, "px": 0.0, "py": 0.0, "pz": -0.01795}, "31": {"x": 0.1241223722542831, "y": -0.2551117323791368, "z": 1.752679144083411, "px": 0.0, "py": 0.0, "pz": -0.01795}, "32": {"x": -1.0353737869510285e-05, "y": -0.3609947131128544, "z": 1.6757592447799405, "px": 0.0, "py": 0.0, "pz": -0.01795}, "33": {"x": 0.00014793007406703622, "y": -0.44893548623788315, "z": 1.5897627601517463, "px": 0.0, "py": 0.0, "pz": -0.01795}, "34": {"x": -0.001694400778219567, "y": -0.5341500507134638, "z": 1.4911918830716853, "px": 0.0, "py": 0.0, "pz": -0.01795}, "35": {"x": -0.12412038246974123, "y": -0.5437009425819265, "z": 1.498238830736052, "is_support": true, "px": 0.0, "py": 0.0, "pz": -0.01795}, "4": {"x": -0.0012858511475453724, "y": 0.9486388445436698, "z": 0.29138378325129305, "px": 0.0, "py": 0.0, "pz": -0.01795}, "5": {"x": -0.12419180351443106, "y": 0.9439377394262459, "z": 0.29037062804898894, "px": 0.0, "py": 0.0, "pz": -0.01795}, "6": {"x": 0.0010761154971479741, "y": 0.9208523684220564, "z": 0.413697183299741, "px": 0.0, "py": 0.0, "pz": -0.01795}, "7": {"x": 0.12387639371677946, "y": 0.9276784662510221, "z": 0.41527707494496585, "px": 0.0, "py": 0.0, "pz": -0.01795}, "8": {"x": -0.00014418263068398214, "y": 0.8891166379669863, "z": 0.5382340486267007, "px": 0.0, "py": 0.0, "pz": -0.01795}, "9": {"x": -0.00012319667174245203, "y": 0.8575363520163413, "z": 0.6571108129621462, "px": 0.0, "py": 0.0, "pz": -0.01795}}, "edge": {"0": {"1": {"q": -1.5}}, "1": {"2": {"q": -1.5}}, "10": {"12": {"q": -1.5}}, "11": {"10": {"q": -0.1459349593495935}}, "12": {"13": {"q": -0.1459349593495935}, "14": {"q": -1.5}}, "13": {}, "14": {}, "15": {"14": {"q": -1.5}, "16": {"q": -1.5}}, "16": {"18": {"q": -1.5}}, "17": {"16": {"q": -0.1459349593495935}}, "18": {"20": {"q": -1.5}}, "19": {"18": {"q": -0.1459349593495935}}, "2": {}, "20": {}, "21": {"20": {"q": -1.5}, "22": {"q": -1.5}}, "22": {"24": {"q": -1.5}}, "23": {"22": {"q": -0.1459349593495935}}, "24": {"25": {"q": -0.1459349593495935}, "26": {"q": -1.5}}, "25": {}, "26": {}, "27": {"26": {"q": -1.5}, "28": {"q": -1.5}}, "28": {"30": {"q": -1.5}}, "29": {"28": {"q": -0.1459349593495935}}, "3": {"2": {"q": -1.5}, "4": {"q": -1.5}}, "30": {"31": {"q": -0.1459349593495935}, "32": {"q": -1.5}}, "31": {}, "32": {}, "33": {"32": {"q": -1.5}, "34": {"q": -1.5}}, "34": {}, "35": {"34": {"q": -1.5}}, "4": {"5": {"q": -0.1459349593495935}, "6": {"q": -1.5}}, "5": {}, "6": {"8": {"q": -1.5}}, "7": {"6": {"q": -0.1459349593495935}}, "8": {"9": {"q": -1.5}}, "9": {"10": {"q": -1.5}}}, "adjacency": {"0": {"1": null}, "1": {"0": null, "2": null}, "10": {"11": null, "12": null, "9": null}, "11": {"10": null}, "12": {"10": null, "13": null, "14": null}, "13": {"12": null}, "14": {"12": null, "15": null}, "15": {"14": null, "16": null}, "16": {"15": null, "17": null, "18": null}, "17": {"16": null}, "18": {"16": null, "19": null, "20": null}, "19": {"18": null}, "2": {"1": null, "3": null}, "20": {"18": null, "21": null}, "21": {"20": null, "22": null}, "22": {"21": null, "23": null, "24": null}, "23": {"22": null}, "24": {"22": null, "25": null, "26": null}, "25": {"24": null}, "26": {"24": null, "27": null}, "27": {"26": null, "28": null}, "28": {"27": null, "29": null, "30": null}, "29": {"28": null}, "3": {"2": null, "4": null}, "30": {"28": null, "31": null, "32": null}, "31": {"30": null}, "32": {"30": null, "33": null}, "33": {"32": null, "34": null}, "34": {"33": null, "35": null}, "35": {"34": null}, "4": {"3": null, "5": null, "6": null}, "5": {"4": null}, "6": {"4": null, "7": null, "8": null}, "7": {"6": null}, "8": {"6": null, "9": null}, "9": {"10": null, "8": null}}, "max_int_key": 53}}