{"compas": "0.17.2", "datatype": "force_density.network/CompressionNetwork", "data": {"attributes": {"name": "Network"}, "node_attributes": {"x": 0.0, "y": 0.0, "z": 0.0, "px": 0.0, "py": 0.0, "pz": 0.0, "rx": 0.0, "ry": 0.0, "rz": 0.0, "is_support": false}, "edge_attributes": {"q": 0.0, "length": 0.0, "force": 0.0}, "node": {"0": {"x": 0.0023532824125140905, "y": 0.5025160312652588, "z": 0.9195219874382019, "px": 0.0, "py": 0.0, "pz": -0.01795}, "1": {"x": 0.0022563596721738577, "y": 0.9329848885536194, "z": 0.19217945635318756, "px": 0.0, "py": 0.0, "pz": -0.01795}, "10": {"x": 0.002647646702826023, "y": -0.8048294186592102, "z": 0.4403819739818573, "px": 0.0, "py": 0.0, "pz": -0.01795}, "11": {"x": 0.002516344655305147, "y": -0.22172445058822632, "z": 1.1640911102294922, "px": 0.0, "py": 0.0, "pz": -0.01795}, "12": {"x": 0.0024669477716088295, "y": -0.002333342097699642, "z": 1.2257840633392334, "px": 0.0, "py": 0.0, "pz": -0.01795}, "13": {"x": 0.00236640521325171, "y": 0.44423121213912964, "z": 0.9860057234764099, "px": 0.0, "py": 0.0, "pz": -0.01795}, "14": {"x": 0.0024792468175292015, "y": -0.05695854872465134, "z": 1.2215455770492554, "px": 0.0, "py": 0.0, "pz": -0.01795}, "15": {"x": 0.002554202452301979, "y": -0.3898582458496094, "z": 1.0371171236038208, "px": 0.0, "py": 0.0, "pz": -0.01795}, "16": {"x": 0.0026337699964642525, "y": -0.7432050704956055, "z": 0.5536032319068909, "px": 0.0, "py": 0.0, "pz": -0.01795}, "17": {"x": 0.0023265304043889046, "y": 0.6213334202766418, "z": 0.7598133683204651, "px": 0.0, "py": 0.0, "pz": -0.01795}, "18": {"x": 0.0026200846768915653, "y": -0.6824310421943665, "z": 0.6570355296134949, "px": 0.0, "py": 0.0, "pz": -0.01795}, "19": {"x": 0.0023128881584852934, "y": 0.6819241642951965, "z": 0.6660941243171692, "px": 0.0, "py": 0.0, "pz": -0.01795}, "2": {"x": 0.0023921916726976633, "y": 0.32970112562179565, "z": 1.0934361219406128, "px": 0.0, "py": 0.0, "pz": -0.01795}, "20": {"x": 0.002270809607580304, "y": 0.868807852268219, "z": 0.32619473338127136, "px": 0.0, "py": 0.0, "pz": -0.01795}, "21": {"x": 0.002580081345513463, "y": -0.5047874450683594, "z": 0.9114791750907898, "px": 0.0, "py": 0.0, "pz": -0.01795}, "22": {"x": 0.0025414687115699053, "y": -0.33330610394477844, "z": 1.0874348878860474, "px": 0.0, "py": 0.0, "pz": -0.01795}, "23": {"x": 0.002606580965220928, "y": -0.6224664449691772, "z": 0.7509729862213135, "px": 0.0, "py": 0.0, "pz": -0.01795}, "24": {"x": 0.00267603388056159, "y": -0.9308913946151733, "z": 0.1831071376800537, "px": 0.0, "py": 0.0, "pz": -0.01795}, "25": {"x": 0.002404877683147788, "y": 0.27335572242736816, "z": 1.134826421737671, "px": 0.0, "py": 0.0, "pz": -0.01795}, "26": {"x": 0.0026617280673235655, "y": -0.8673620820045471, "z": 0.31702721118927, "px": 0.0, "py": 0.0, "pz": -0.01795}, "27": {"x": 0.0023793717846274376, "y": 0.38664039969444275, "z": 1.0439021587371826, "px": 0.0, "py": 0.0, "pz": -0.01795}, "28": {"x": 0.0026905990671366453, "y": -0.9955716133117676, "z": 0.03800592198967934, "px": 0.0, "py": 0.0, "pz": -0.01795}, "29": {"x": 0.0022416613064706326, "y": 0.9982661604881287, "z": 0.04702164977788925, "is_support": true, "px": 0.0, "py": 0.0, "pz": -0.01795}, "3": {"x": 0.002567068673670292, "y": -0.4469989538192749, "z": 0.9785411953926086, "px": 0.0, "py": 0.0, "pz": -0.01795}, "30": {"x": 0.0024423059076070786, "y": 0.10711496323347092, "z": 1.2120438814163208, "px": 0.0, "py": 0.0, "pz": -0.01795}, "31": {"x": 0.0027055286336690187, "y": -1.06187105178833, "z": -0.11970243602991104, "is_support": true, "px": 0.0, "py": 0.0, "pz": -0.01795}, "32": {"x": 0.0023399926722049713, "y": 0.5615411400794983, "z": 0.8442039489746094, "px": 0.0, "py": 0.0, "pz": -0.01795}, "33": {"x": 0.0022990608122199774, "y": 0.7433376312255859, "z": 0.5627892017364502, "px": 0.0, "py": 0.0, "pz": -0.01795}, "34": {"x": 0.0024915633257478476, "y": -0.11166104674339294, "z": 1.209896445274353, "px": 0.0, "py": 0.0, "pz": -0.01795}, "35": {"x": 0.002417445182800293, "y": 0.2175360471010208, "z": 1.1682745218276978, "px": 0.0, "py": 0.0, "pz": -0.01795}, "4": {"x": 0.002429914427921176, "y": 0.16215313971042633, "z": 1.1939641237258911, "px": 0.0, "py": 0.0, "pz": -0.01795}, "5": {"x": 0.0022850376553833485, "y": 0.805618405342102, "z": 0.449594646692276, "px": 0.0, "py": 0.0, "pz": -0.01795}, "6": {"x": 0.0025288546457886696, "y": -0.2772839665412903, "z": 1.1296977996826172, "px": 0.0, "py": 0.0, "pz": -0.01795}, "7": {"x": 0.0025039217434823513, "y": -0.16654950380325317, "z": 1.1907780170440674, "px": 0.0, "py": 0.0, "pz": -0.01795}, "8": {"x": 0.002454642904922366, "y": 0.05231907218694687, "z": 1.2226265668869019, "px": 0.0, "py": 0.0, "pz": -0.01795}, "9": {"x": 0.002593248849734664, "y": -0.5632622241973877, "z": 0.8357055187225342, "px": 0.0, "py": 0.0, "pz": -0.01795}}, "edge": {"0": {}, "1": {"20": {"q": -2.5}, "29": {"q": -2.5}}, "10": {}, "11": {"6": {"q": -2.5}, "7": {"q": -2.5}}, "12": {"14": {"q": -2.5}, "8": {"q": -2.5}}, "13": {"0": {"q": -2.5}, "27": {"q": -2.5}}, "14": {"34": {"q": -2.5}}, "15": {}, "16": {"10": {"q": -2.5}, "18": {"q": -2.5}}, "17": {"32": {"q": -2.5}}, "18": {}, "19": {"17": {"q": -2.5}}, "2": {"25": {"q": -2.5}}, "20": {"5": {"q": -2.5}}, "21": {"9": {"q": -2.5}}, "22": {"15": {"q": -2.5}}, "23": {"18": {"q": -2.5}}, "24": {}, "25": {}, "26": {"10": {"q": -2.5}, "24": {"q": -2.5}}, "27": {"2": {"q": -2.5}}, "28": {"24": {"q": -2.5}}, "29": {}, "3": {"15": {"q": -2.5}, "21": {"q": -2.5}}, "30": {"8": {"q": -2.5}}, "31": {"28": {"q": -2.5}}, "32": {"0": {"q": -2.5}}, "33": {"19": {"q": -2.5}}, "34": {"7": {"q": -2.5}}, "35": {"25": {"q": -2.5}, "4": {"q": -2.5}}, "4": {"30": {"q": -2.5}}, "5": {"33": {"q": -2.5}}, "6": {"22": {"q": -2.5}}, "7": {}, "8": {}, "9": {"23": {"q": -2.5}}}, "adjacency": {"0": {"13": null, "32": null}, "1": {"20": null, "29": null}, "10": {"16": null, "26": null}, "11": {"6": null, "7": null}, "12": {"14": null, "8": null}, "13": {"0": null, "27": null}, "14": {"12": null, "34": null}, "15": {"22": null, "3": null}, "16": {"10": null, "18": null}, "17": {"19": null, "32": null}, "18": {"16": null, "23": null}, "19": {"17": null, "33": null}, "2": {"25": null, "27": null}, "20": {"1": null, "5": null}, "21": {"3": null, "9": null}, "22": {"15": null, "6": null}, "23": {"18": null, "9": null}, "24": {"26": null, "28": null}, "25": {"2": null, "35": null}, "26": {"10": null, "24": null}, "27": {"13": null, "2": null}, "28": {"24": null, "31": null}, "29": {"1": null}, "3": {"15": null, "21": null}, "30": {"4": null, "8": null}, "31": {"28": null}, "32": {"0": null, "17": null}, "33": {"19": null, "5": null}, "34": {"14": null, "7": null}, "35": {"25": null, "4": null}, "4": {"30": null, "35": null}, "5": {"20": null, "33": null}, "6": {"11": null, "22": null}, "7": {"11": null, "34": null}, "8": {"12": null, "30": null}, "9": {"21": null, "23": null}}, "max_int_key": 35}}