{"compas": "0.17.2", "datatype": "force_density.network/CompressionNetwork", "data": {"attributes": {"name": "Network"}, "node_attributes": {"x": 0.0, "y": 0.0, "z": 0.0, "px": 0.0, "py": 0.0, "pz": 0.0, "rx": 0.0, "ry": 0.0, "rz": 0.0, "is_support": false}, "edge_attributes": {"q": 0.0, "length": 0.0, "force": 0.0}, "node": {"0": {"x": 0.002347691683098674, "y": 0.5273782014846802, "z": 0.7843546867370605, "px": 0.0, "py": 0.0, "pz": -0.01795}, "1": {"x": 0.002254915190860629, "y": 0.9394051432609558, "z": 0.1643182784318924, "px": 0.0, "py": 0.0, "pz": -0.01795}, "10": {"x": 0.0026525165885686874, "y": -0.8264266848564148, "z": 0.3445121645927429, "px": 0.0, "py": 0.0, "pz": -0.01795}, "11": {"x": 0.002519984496757388, "y": -0.2378157675266266, "z": 1.002448320388794, "px": 0.0, "py": 0.0, "pz": -0.01795}, "12": {"x": 0.002466971753165126, "y": -0.00237141246907413, "z": 1.0645828247070312, "px": 0.0, "py": 0.0, "pz": -0.01795}, "13": {"x": 0.002360945101827383, "y": 0.46851715445518494, "z": 0.8442112803459167, "px": 0.0, "py": 0.0, "pz": -0.01795}, "14": {"x": 0.002480225171893835, "y": -0.06123250722885132, "z": 1.059819221496582, "px": 0.0, "py": 0.0, "pz": -0.01795}, "15": {"x": 0.0025597442872822285, "y": -0.41439899802207947, "z": 0.8804575204849243, "px": 0.0, "py": 0.0, "pz": -0.01795}, "16": {"x": 0.002639263402670622, "y": -0.7675655484199524, "z": 0.4426157772541046, "px": 0.0, "py": 0.0, "pz": -0.01795}, "17": {"x": 0.002321184379979968, "y": 0.6451001763343811, "z": 0.6431013941764832, "px": 0.0, "py": 0.0, "pz": -0.01795}, "18": {"x": 0.0026260102167725563, "y": -0.7087044715881348, "z": 0.5335394144058228, "px": 0.0, "py": 0.0, "pz": -0.01795}, "19": {"x": 0.0023079304955899715, "y": 0.703961193561554, "z": 0.5617048144340515, "px": 0.0, "py": 0.0, "pz": -0.01795}, "2": {"x": 0.002387452404946089, "y": 0.35079512000083923, "z": 0.9423844218254089, "px": 0.0, "py": 0.0, "pz": -0.01795}, "20": {"x": 0.002268168842419982, "y": 0.8805441856384277, "z": 0.274434894323349, "px": 0.0, "py": 0.0, "pz": -0.01795}, "21": {"x": 0.002586250426247716, "y": -0.5321211814880371, "z": 0.7632302641868591, "px": 0.0, "py": 0.0, "pz": -0.01795}, "22": {"x": 0.002546491101384163, "y": -0.35553795099258423, "z": 0.9283011555671692, "px": 0.0, "py": 0.0, "pz": -0.01795}, "23": {"x": 0.002612756798043847, "y": -0.6498433351516724, "z": 0.6172829866409302, "px": 0.0, "py": 0.0, "pz": -0.01795}, "24": {"x": 0.0026790224947035313, "y": -0.94414883852005, "z": 0.12676486372947693, "px": 0.0, "py": 0.0, "pz": -0.01795}, "25": {"x": 0.002400705823674798, "y": 0.2919340431690216, "z": 0.9807009696960449, "px": 0.0, "py": 0.0, "pz": -0.01795}, "26": {"x": 0.0026657695416361094, "y": -0.8852877616882324, "z": 0.2392285019159317, "px": 0.0, "py": 0.0, "pz": -0.01795}, "27": {"x": 0.002374198753386736, "y": 0.4096561670303345, "z": 0.8968878984451294, "px": 0.0, "py": 0.0, "pz": -0.01795}, "28": {"x": 0.002692275447770953, "y": -1.0030099153518677, "z": 0.007121204398572445, "px": 0.0, "py": 0.0, "pz": -0.01795}, "29": {"x": 0.0022416613064706326, "y": 0.9982661604881287, "z": 0.04702164977788925, "is_support": true, "px": 0.0, "py": 0.0, "pz": -0.01795}, "3": {"x": 0.0025729972403496504, "y": -0.4732601046562195, "z": 0.8254339098930359, "px": 0.0, "py": 0.0, "pz": -0.01795}, "30": {"x": 0.0024404653813689947, "y": 0.11535078287124634, "z": 1.052570104598999, "px": 0.0, "py": 0.0, "pz": -0.01795}, "31": {"x": 0.0027055286336690187, "y": -1.06187105178833, "z": -0.11970243602991104, "is_support": true, "px": 0.0, "py": 0.0, "pz": -0.01795}, "32": {"x": 0.0023344377987086773, "y": 0.5862391591072083, "z": 0.7173179984092712, "px": 0.0, "py": 0.0, "pz": -0.01795}, "33": {"x": 0.002294676611199975, "y": 0.762822151184082, "z": 0.47312813997268677, "px": 0.0, "py": 0.0, "pz": -0.01795}, "34": {"x": 0.0024934783577919006, "y": -0.12009359151124954, "z": 1.0478755235671997, "px": 0.0, "py": 0.0, "pz": -0.01795}, "35": {"x": 0.0024139590095728636, "y": 0.23307298123836517, "z": 1.011837363243103, "px": 0.0, "py": 0.0, "pz": -0.01795}, "4": {"x": 0.002427212195470929, "y": 0.17421187460422516, "z": 1.035793662071228, "px": 0.0, "py": 0.0, "pz": -0.01795}, "5": {"x": 0.0022814227268099785, "y": 0.8216831088066101, "z": 0.37737149000167847, "px": 0.0, "py": 0.0, "pz": -0.01795}, "6": {"x": 0.0025332376826554537, "y": -0.2966768443584442, "z": 0.968964695930481, "px": 0.0, "py": 0.0, "pz": -0.01795}, "7": {"x": 0.0025067313108593225, "y": -0.17895467579364777, "z": 1.0287518501281738, "px": 0.0, "py": 0.0, "pz": -0.01795}, "8": {"x": 0.0024537183344364166, "y": 0.05648968368768692, "z": 1.0621663331985474, "px": 0.0, "py": 0.0, "pz": -0.01795}, "9": {"x": 0.002599503379315138, "y": -0.5909822583198547, "z": 0.6938466429710388, "px": 0.0, "py": 0.0, "pz": -0.01795}}, "edge": {"0": {}, "1": {"20": {"q": -2.5}, "29": {"q": -2.5}}, "10": {}, "11": {"6": {"q": -2.5}, "7": {"q": -2.5}}, "12": {"14": {"q": -2.5}, "8": {"q": -2.5}}, "13": {"0": {"q": -2.5}, "27": {"q": -2.5}}, "14": {"34": {"q": -2.5}}, "15": {}, "16": {"10": {"q": -2.5}, "18": {"q": -2.5}}, "17": {"32": {"q": -2.5}}, "18": {}, "19": {"17": {"q": -2.5}}, "2": {"25": {"q": -2.5}}, "20": {"5": {"q": -2.5}}, "21": {"9": {"q": -2.5}}, "22": {"15": {"q": -2.5}}, "23": {"18": {"q": -2.5}}, "24": {}, "25": {}, "26": {"10": {"q": -2.5}, "24": {"q": -2.5}}, "27": {"2": {"q": -2.5}}, "28": {"24": {"q": -2.5}}, "29": {}, "3": {"15": {"q": -2.5}, "21": {"q": -2.5}}, "30": {"8": {"q": -2.5}}, "31": {"28": {"q": -2.5}}, "32": {"0": {"q": -2.5}}, "33": {"19": {"q": -2.5}}, "34": {"7": {"q": -2.5}}, "35": {"25": {"q": -2.5}, "4": {"q": -2.5}}, "4": {"30": {"q": -2.5}}, "5": {"33": {"q": -2.5}}, "6": {"22": {"q": -2.5}}, "7": {}, "8": {}, "9": {"23": {"q": -2.5}}}, "adjacency": {"0": {"13": null, "32": null}, "1": {"20": null, "29": null}, "10": {"16": null, "26": null}, "11": {"6": null, "7": null}, "12": {"14": null, "8": null}, "13": {"0": null, "27": null}, "14": {"12": null, "34": null}, "15": {"22": null, "3": null}, "16": {"10": null, "18": null}, "17": {"19": null, "32": null}, "18": {"16": null, "23": null}, "19": {"17": null, "33": null}, "2": {"25": null, "27": null}, "20": {"1": null, "5": null}, "21": {"3": null, "9": null}, "22": {"15": null, "6": null}, "23": {"18": null, "9": null}, "24": {"26": null, "28": null}, "25": {"2": null, "35": null}, "26": {"10": null, "24": null}, "27": {"13": null, "2": null}, "28": {"24": null, "31": null}, "29": {"1": null}, "3": {"15": null, "21": null}, "30": {"4": null, "8": null}, "31": {"28": null}, "32": {"0": null, "17": null}, "33": {"19": null, "5": null}, "34": {"14": null, "7": null}, "35": {"25": null, "4": null}, "4": {"30": null, "35": null}, "5": {"20": null, "33": null}, "6": {"11": null, "22": null}, "7": {"11": null, "34": null}, "8": {"12": null, "30": null}, "9": {"21": null, "23": null}}, "max_int_key": 35}}