{"attributes": {"name": "Network"}, "dna": {"x": 0.0, "y": 0.0, "z": 0.0, "px": 0.0, "py": 0.0, "pz": 0.0, "rx": 0.0, "ry": 0.0, "rz": 0.0, "is_support": false}, "dea": {"q": 0.0, "length": 0.0, "force": 0.0}, "node": {"0": {"x": -3.0, "y": -1.5, "z": 0.0, "is_support": true}, "1": {"x": -2.3333333333333335, "y": -1.5, "z": 0.0, "px": 0.0, "py": 0.0, "pz": -0.1}, "2": {"x": -1.6666666666666667, "y": -1.5, "z": 0.0, "px": 0.0, "py": 0.0, "pz": -0.1}, "3": {"x": -1.0, "y": -1.5, "z": 0.0, "px": 0.0, "py": 0.0, "pz": -0.1}, "4": {"x": -0.3333333333333335, "y": -1.5, "z": 0.0, "px": 0.0, "py": 0.0, "pz": -0.1}, "5": {"x": 0.33333333333333304, "y": -1.5, "z": 0.0, "px": 0.0, "py": 0.0, "pz": -0.1}, "6": {"x": 1.0, "y": -1.5, "z": 0.0, "px": 0.0, "py": 0.0, "pz": -0.1}, "7": {"x": 1.666666666666666, "y": -1.5, "z": 0.0, "px": 0.0, "py": 0.0, "pz": -0.1}, "8": {"x": 2.333333333333333, "y": -1.5, "z": 0.0, "px": 0.0, "py": 0.0, "pz": -0.1}, "9": {"x": 3.0, "y": -1.5, "z": 0.0, "is_support": true}, "10": {"x": -3.0, "y": -1.125, "z": 0.0, "is_support": true}, "11": {"x": -2.3333333333333335, "y": -1.125, "z": 0.0, "px": 0.0, "py": 0.0, "pz": -0.1}, "12": {"x": -1.6666666666666667, "y": -1.125, "z": 0.0, "px": 0.0, "py": 0.0, "pz": -0.1}, "13": {"x": -1.0, "y": -1.125, "z": 0.0, "px": 0.0, "py": 0.0, "pz": -0.1}, "14": {"x": -0.3333333333333335, "y": -1.125, "z": 0.0, "px": 0.0, "py": 0.0, "pz": -0.1}, "15": {"x": 0.33333333333333304, "y": -1.125, "z": 0.0, "px": 0.0, "py": 0.0, "pz": -0.1}, "16": {"x": 1.0, "y": -1.125, "z": 0.0, "px": 0.0, "py": 0.0, "pz": -0.1}, "17": {"x": 1.666666666666666, "y": -1.125, "z": 0.0, "px": 0.0, "py": 0.0, "pz": -0.1}, "18": {"x": 2.333333333333333, "y": -1.125, "z": 0.0, "px": 0.0, "py": 0.0, "pz": -0.1}, "19": {"x": 3.0, "y": -1.125, "z": 0.0, "is_support": true}, "20": {"x": -3.0, "y": -0.75, "z": 0.0, "is_support": true}, "21": {"x": -2.3333333333333335, "y": -0.75, "z": 0.0, "px": 0.0, "py": 0.0, "pz": -0.1}, "22": {"x": -1.6666666666666667, "y": -0.75, "z": 0.0, "px": 0.0, "py": 0.0, "pz": -0.1}, "23": {"x": -1.0, "y": -0.75, "z": 0.0, "px": 0.0, "py": 0.0, "pz": -0.1}, "24": {"x": -0.3333333333333335, "y": -0.75, "z": 0.0, "px": 0.0, "py": 0.0, "pz": -0.1}, "25": {"x": 0.33333333333333304, "y": -0.75, "z": 0.0, "px": 0.0, "py": 0.0, "pz": -0.1}, "26": {"x": 1.0, "y": -0.75, "z": 0.0, "px": 0.0, "py": 0.0, "pz": -0.1}, "27": {"x": 1.666666666666666, "y": -0.75, "z": 0.0, "px": 0.0, "py": 0.0, "pz": -0.1}, "28": {"x": 2.333333333333333, "y": -0.75, "z": 0.0, "px": 0.0, "py": 0.0, "pz": -0.1}, "29": {"x": 3.0, "y": -0.75, "z": 0.0, "is_support": true}, "30": {"x": -3.0, "y": -0.375, "z": 0.0, "is_support": true}, "31": {"x": -2.3333333333333335, "y": -0.375, "z": 0.0, "px": 0.0, "py": 0.0, "pz": -0.1}, "32": {"x": -1.6666666666666667, "y": -0.375, "z": 0.0, "px": 0.0, "py": 0.0, "pz": -0.1}, "33": {"x": -1.0, "y": -0.375, "z": 0.0, "px": 0.0, "py": 0.0, "pz": -0.1}, "34": {"x": -0.3333333333333335, "y": -0.375, "z": 0.0, "px": 0.0, "py": 0.0, "pz": -0.1}, "35": {"x": 0.33333333333333304, "y": -0.375, "z": 0.0, "px": 0.0, "py": 0.0, "pz": -0.1}, "36": {"x": 1.0, "y": -0.375, "z": 0.0, "px": 0.0, "py": 0.0, "pz": -0.1}, "37": {"x": 1.666666666666666, "y": -0.375, "z": 0.0, "px": 0.0, "py": 0.0, "pz": -0.1}, "38": {"x": 2.333333333333333, "y": -0.375, "z": 0.0, "px": 0.0, "py": 0.0, "pz": -0.1}, "39": {"x": 3.0, "y": -0.375, "z": 0.0, "is_support": true}, "40": {"x": -3.0, "y": 0.0, "z": 0.0, "is_support": true}, "41": {"x": -2.3333333333333335, "y": 0.0, "z": 0.0, "px": 0.0, "py": 0.0, "pz": -0.1}, "42": {"x": -1.6666666666666667, "y": 0.0, "z": 0.0, "px": 0.0, "py": 0.0, "pz": -0.1}, "43": {"x": -1.0, "y": 0.0, "z": 0.0, "px": 0.0, "py": 0.0, "pz": -0.1}, "44": {"x": -0.3333333333333335, "y": 0.0, "z": 0.0, "px": 0.0, "py": 0.0, "pz": -0.1}, "45": {"x": 0.33333333333333304, "y": 0.0, "z": 0.0, "px": 0.0, "py": 0.0, "pz": -0.1}, "46": {"x": 1.0, "y": 0.0, "z": 0.0, "px": 0.0, "py": 0.0, "pz": -0.1}, "47": {"x": 1.666666666666666, "y": 0.0, "z": 0.0, "px": 0.0, "py": 0.0, "pz": -0.1}, "48": {"x": 2.333333333333333, "y": 0.0, "z": 0.0, "px": 0.0, "py": 0.0, "pz": -0.1}, "49": {"x": 3.0, "y": 0.0, "z": 0.0, "is_support": true}, "50": {"x": -3.0, "y": 0.375, "z": 0.0, "is_support": true}, "51": {"x": -2.3333333333333335, "y": 0.375, "z": 0.0, "px": 0.0, "py": 0.0, "pz": -0.1}, "52": {"x": -1.6666666666666667, "y": 0.375, "z": 0.0, "px": 0.0, "py": 0.0, "pz": -0.1}, "53": {"x": -1.0, "y": 0.375, "z": 0.0, "px": 0.0, "py": 0.0, "pz": -0.1}, "54": {"x": -0.3333333333333335, "y": 0.375, "z": 0.0, "px": 0.0, "py": 0.0, "pz": -0.1}, "55": {"x": 0.33333333333333304, "y": 0.375, "z": 0.0, "px": 0.0, "py": 0.0, "pz": -0.1}, "56": {"x": 1.0, "y": 0.375, "z": 0.0, "px": 0.0, "py": 0.0, "pz": -0.1}, "57": {"x": 1.666666666666666, "y": 0.375, "z": 0.0, "px": 0.0, "py": 0.0, "pz": -0.1}, "58": {"x": 2.333333333333333, "y": 0.375, "z": 0.0, "px": 0.0, "py": 0.0, "pz": -0.1}, "59": {"x": 3.0, "y": 0.375, "z": 0.0, "is_support": true}, "60": {"x": -3.0, "y": 0.75, "z": 0.0, "is_support": true}, "61": {"x": -2.3333333333333335, "y": 0.75, "z": 0.0, "px": 0.0, "py": 0.0, "pz": -0.1}, "62": {"x": -1.6666666666666667, "y": 0.75, "z": 0.0, "px": 0.0, "py": 0.0, "pz": -0.1}, "63": {"x": -1.0, "y": 0.75, "z": 0.0, "px": 0.0, "py": 0.0, "pz": -0.1}, "64": {"x": -0.3333333333333335, "y": 0.75, "z": 0.0, "px": 0.0, "py": 0.0, "pz": -0.1}, "65": {"x": 0.33333333333333304, "y": 0.75, "z": 0.0, "px": 0.0, "py": 0.0, "pz": -0.1}, "66": {"x": 1.0, "y": 0.75, "z": 0.0, "px": 0.0, "py": 0.0, "pz": -0.1}, "67": {"x": 1.666666666666666, "y": 0.75, "z": 0.0, "px": 0.0, "py": 0.0, "pz": -0.1}, "68": {"x": 2.333333333333333, "y": 0.75, "z": 0.0, "px": 0.0, "py": 0.0, "pz": -0.1}, "69": {"x": 3.0, "y": 0.75, "z": 0.0, "is_support": true}, "70": {"x": -3.0, "y": 1.125, "z": 0.0, "is_support": true}, "71": {"x": -2.3333333333333335, "y": 1.125, "z": 0.0, "px": 0.0, "py": 0.0, "pz": -0.1}, "72": {"x": -1.6666666666666667, "y": 1.125, "z": 0.0, "px": 0.0, "py": 0.0, "pz": -0.1}, "73": {"x": -1.0, "y": 1.125, "z": 0.0, "px": 0.0, "py": 0.0, "pz": -0.1}, "74": {"x": -0.3333333333333335, "y": 1.125, "z": 0.0, "px": 0.0, "py": 0.0, "pz": -0.1}, "75": {"x": 0.33333333333333304, "y": 1.125, "z": 0.0, "px": 0.0, "py": 0.0, "pz": -0.1}, "76": {"x": 1.0, "y": 1.125, "z": 0.0, "px": 0.0, "py": 0.0, "pz": -0.1}, "77": {"x": 1.666666666666666, "y": 1.125, "z": 0.0, "px": 0.0, "py": 0.0, "pz": -0.1}, "78": {"x": 2.333333333333333, "y": 1.125, "z": 0.0, "px": 0.0, "py": 0.0, "pz": -0.1}, "79": {"x": 3.0, "y": 1.125, "z": 0.0, "is_support": true}, "80": {"x": -3.0, "y": 1.5, "z": 0.0, "is_support": true}, "81": {"x": -2.3333333333333335, "y": 1.5, "z": 0.0, "px": 0.0, "py": 0.0, "pz": -0.1}, "82": {"x": -1.6666666666666667, "y": 1.5, "z": 0.0, "px": 0.0, "py": 0.0, "pz": -0.1}, "83": {"x": -1.0, "y": 1.5, "z": 0.0, "px": 0.0, "py": 0.0, "pz": -0.1}, "84": {"x": -0.3333333333333335, "y": 1.5, "z": 0.0, "px": 0.0, "py": 0.0, "pz": -0.1}, "85": {"x": 0.33333333333333304, "y": 1.5, "z": 0.0, "px": 0.0, "py": 0.0, "pz": -0.1}, "86": {"x": 1.0, "y": 1.5, "z": 0.0, "px": 0.0, "py": 0.0, "pz": -0.1}, "87": {"x": 1.666666666666666, "y": 1.5, "z": 0.0, "px": 0.0, "py": 0.0, "pz": -0.1}, "88": {"x": 2.333333333333333, "y": 1.5, "z": 0.0, "px": 0.0, "py": 0.0, "pz": -0.1}, "89": {"x": 3.0, "y": 1.5, "z": 0.0, "is_support": true}}, "edge": {"0": {"1": {"q": -0.25}}, "1": {"2": {"q": -0.25}, "11": {"q": -0.25}}, "2": {"3": {"q": -0.25}, "12": {"q": -0.25}}, "3": {"4": {"q": -0.25}, "13": {"q": -0.25}}, "4": {"5": {"q": -0.25}, "14": {"q": -0.25}}, "5": {"6": {"q": -0.25}, "15": {"q": -0.25}}, "6": {"7": {"q": -0.25}, "16": {"q": -0.25}}, "7": {"8": {"q": -0.25}, "17": {"q": -0.25}}, "8": {"9": {"q": -0.25}, "18": {"q": -0.25}}, "9": {}, "10": {"11": {"q": -0.25}}, "11": {"12": {"q": -0.25}, "21": {"q": -0.25}}, "12": {"13": {"q": -0.25}, "22": {"q": -0.25}}, "13": {"14": {"q": -0.25},