{"attributes": {"name": "Network"}, "dna": {"x": 0.0, "y": 0.0, "z": 0.0, "px": 0.0, "py": 0.0, "pz": 0.0, "rx": 0.0, "ry": 0.0, "rz": 0.0, "is_support": false}, "dea": {"q": 0.0, "length": 0.0, "force": 0.0}, "node": {"0": {"x": -3.0, "y": -1.5, "z": 0.0, "is_support": true}, "1": {"x": -2.3333333333333335, "y": -1.5, "z": 0.0, "px": 0.0, "py": 0.0, "pz": -0.1}, "2": {"x": -1.6666666666666667, "y": -1.5, "z": 0.0, "px": 0.0, "py": 0.0, "pz": -0.1}, "3": {"x": -1.0, "y": -1.5, "z": 0.0, "px": 0.0, "py": 0.0, "pz": -0.1}, "4": {"x": -0.3333333333333335, "y": -1.5, "z": 0.0, "px": 0.0, "py": 0.0, "pz": -0.1}, "5": {"x": 0.33333333333333304, "y": -1.5, "z": 0.0, "px": 0.0, "py": 0.0, "pz": -0.1}, "6": {"x": 1.0, "y": -1.5, "z": 0.0, "px": 0.0, "py": 0.0, "pz": -0.1}, "7": {"x": 1.666666666666666, "y": -1.5, "z": 0.0, "px": 0.0, "py": 0.0, "pz": -0.1}, "8": {"x": 2.333333333333333, "y": -1.5, "z": 0.0, "px": 0.0, "py": 0.0, "pz": -0.1}, "9": {"x": 3.0, "y": -1.5, "z": 0.0, "is_support": true}, "10": {"x": -3.0, "y": -0.75, "z": 0.0, "is_support": true}, "11": {"x": -2.3333333333333335, "y": -0.75, "z": 0.0, "px": 0.0, "py": 0.0, "pz": -0.1}, "12": {"x": -1.6666666666666667, "y": -0.75, "z": 0.0, "px": 0.0, "py": 0.0, "pz": -0.1}, "13": {"x": -1.0, "y": -0.75, "z": 0.0, "px": 0.0, "py": 0.0, "pz": -0.1}, "14": {"x": -0.3333333333333335, "y": -0.75, "z": 0.0, "px": 0.0, "py": 0.0, "pz": -0.1}, "15": {"x": 0.33333333333333304, "y": -0.75, "z": 0.0, "px": 0.0, "py": 0.0, "pz": -0.1}, "16": {"x": 1.0, "y": -0.75, "z": 0.0, "px": 0.0, "py": 0.0, "pz": -0.1}, "17": {"x": 1.666666666666666, "y": -0.75, "z": 0.0, "px": 0.0, "py": 0.0, "pz": -0.1}, "18": {"x": 2.333333333333333, "y": -0.75, "z": 0.0, "px": 0.0, "py": 0.0, "pz": -0.1}, "19": {"x": 3.0, "y": -0.75, "z": 0.0, "is_support": true}, "20": {"x": -3.0, "y": 0.0, "z": 0.0, "is_support": true}, "21": {"x": -2.3333333333333335, "y": 0.0, "z": 0.0, "px": 0.0, "py": 0.0, "pz": -0.1}, "22": {"x": -1.6666666666666667, "y": 0.0, "z": 0.0, "px": 0.0, "py": 0.0, "pz": -0.1}, "23": {"x": -1.0, "y": 0.0, "z": 0.0, "px": 0.0, "py": 0.0, "pz": -0.1}, "24": {"x": -0.3333333333333335, "y": 0.0, "z": 0.0, "px": 0.0, "py": 0.0, "pz": -0.1}, "25": {"x": 0.33333333333333304, "y": 0.0, "z": 0.0, "px": 0.0, "py": 0.0, "pz": -0.1}, "26": {"x": 1.0, "y": 0.0, "z": 0.0, "px": 0.0, "py": 0.0, "pz": -0.1}, "27": {"x": 1.666666666666666, "y": 0.0, "z": 0.0, "px": 0.0, "py": 0.0, "pz": -0.1}, "28": {"x": 2.333333333333333, "y": 0.0, "z": 0.0, "px": 0.0, "py": 0.0, "pz": -0.1}, "29": {"x": 3.0, "y": 0.0, "z": 0.0, "is_support": true}, "30": {"x": -3.0, "y": 0.75, "z": 0.0, "is_support": true}, "31": {"x": -2.3333333333333335, "y": 0.75, "z": 0.0, "px": 0.0, "py": 0.0, "pz": -0.1}, "32": {"x": -1.6666666666666667, "y": 0.75, "z": 0.0, "px": 0.0, "py": 0.0, "pz": -0.1}, "33": {"x": -1.0, "y": 0.75, "z": 0.0, "px": 0.0, "py": 0.0, "pz": -0.1}, "34": {"x": -0.3333333333333335, "y": 0.75, "z": 0.0, "px": 0.0, "py": 0.0, "pz": -0.1}, "35": {"x": 0.33333333333333304, "y": 0.75, "z": 0.0, "px": 0.0, "py": 0.0, "pz": -0.1}, "36": {"x": 1.0, "y": 0.75, "z": 0.0, "px": 0.0, "py": 0.0, "pz": -0.1}, "37": {"x": 1.666666666666666, "y": 0.75, "z": 0.0, "px": 0.0, "py": 0.0, "pz": -0.1}, "38": {"x": 2.333333333333333, "y": 0.75, "z": 0.0, "px": 0.0, "py": 0.0, "pz": -0.1}, "39": {"x": 3.0, "y": 0.75, "z": 0.0, "is_support": true}, "40": {"x": -3.0, "y": 1.5, "z": 0.0, "is_support": true}, "41": {"x": -2.3333333333333335, "y": 1.5, "z": 0.0, "px": 0.0, "py": 0.0, "pz": -0.1}, "42": {"x": -1.6666666666666667, "y": 1.5, "z": 0.0, "px": 0.0, "py": 0.0, "pz": -0.1}, "43": {"x": -1.0, "y": 1.5, "z": 0.0, "px": 0.0, "py": 0.0, "pz": -0.1}, "44": {"x": -0.3333333333333335, "y": 1.5, "z": 0.0, "px": 0.0, "py": 0.0, "pz": -0.1}, "45": {"x": 0.33333333333333304, "y": 1.5, "z": 0.0, "px": 0.0, "py": 0.0, "pz": -0.1}, "46": {"x": 1.0, "y": 1.5, "z": 0.0, "px": 0.0, "py": 0.0, "pz": -0.1}, "47": {"x": 1.666666666666666, "y": 1.5, "z": 0.0, "px": 0.0, "py": 0.0, "pz": -0.1}, "48": {"x": 2.333333333333333, "y": 1.5, "z": 0.0, "px": 0.0, "py": 0.0, "pz": -0.1}, "49": {"x": 3.0, "y": 1.5, "z": 0.0, "is_support": true}}, "edge": {"0": {"1": {"q": -0.25}}, "1": {"2": {"q": -0.25}, "11": {"q": -0.25}}, "2": {"3": {"q": -0.25}, "12": {"q": -0.25}}, "3": {"4": {"q": -0.25}, "13": {"q": -0.25}}, "4": {"5": {"q": -0.25}, "14": {"q": -0.25}}, "5": {"6": {"q": -0.25}, "15": {"q": -0.25}}, "6": {"7": {"q": -0.25}, "16": {"q": -0.25}}, "7": {"8": {"q": -0.25}, "17": {"q": -0.25}}, "8": {"9": {"q": -0.25}, "18": {"q": -0.25}}, "9": {}, "10": {"11": {"q": -0.25}}, "11": {"12": {"q": -0.25}, "21": {"q": -0.25}}, "12": {"13": {"q": -0.25}, "22": {"q": -0.25}}, "13": {"14": {"q": -0.25}, "23": {"q": -0.25}}, "14": {"15": {"q": -0.25}, "24": {"q": -0.25}}, "15": {"16": {"q": -0.25}, "25": {"q": -0.25}}, "16": {"17": {"q": -0.25}, "26": {"q": -0.25}}, "17": {"18": {"q": -0.25}, "27": {"q": -0.25}}, "18": {"19": {"q": -0.25}, "28": {"q": -0.25}}, "19": {}, "20": {"21": {"q": -0.25}}, "21": {"22": {"q": -0.25}, "31": {"q": -0.25}}, "22": {"23": {"q": -0.25}, "32": {"q": -0.25}}, "23": {"24": {"q": -0.25}, "33": {"q": -0.25}}, "24": {"25": {"q": -0.25}, "34": {"q": -0.25}}, "25": {"26": {"q": -0.25}, "35": {"q": -0.25}}, "26": {"27": {"q": -0.25}, "36": {"q": -0.25}}, "27": {"28": {"q": -0.25}, "37": {"q": -0.25}}, "28": {"29": {"q": -0.25}, "38": {"q": -0.25}}, "29": {}, "30": {"31": {"q": -0.25}}, "31": {"32": {"q": -0.25}, "41": {"q": -0.25}}, "32": {"33": {"q": -0.25}, "42": {"q": -0.25}}, "33": {"34": {"q": -0.25}, "43": {"q": -0.25}}, "34": {"35": {"q": -0.25}, "44": {"q": -0.25}}, "35": {"36": {"q": -0.25}, "45": {"q": -0.25}}, "36": {"37": {"q": -0.25}, "46": {"q": -0.25}}, "37": {"38": {"q": -0.25}, "47": {"q": -0.25}}, "38": {"39": {"q": -0.25}, "48": {"q": -0.25}}, "39": {}, "40": {"41": {"q": -0.25}}, "41": {"42": {"q": -0.25}}, "42": {"43": {"q": -0.25}}, "43": {"44": {"q": -0.25}}, "44": {"45": {"q": -0.25}}, "45": {"46": {"q": -0.25}}, "46": {"47": {"q": -0.25}}, "47": {"48": {"q": -0.25}}, "48": {"49": {"q": -0.25}}, "49": {}}, "adjacency": {"0": {"1": null}, "1": {"0": null, "2": null, "11": null}, "2": {"1": null, "3": null, "12": null}, "3": {"2": null, "4": null, "13": null}, "4": {"3": null, "5": null, "14": null}, "5": {"4": null, "6": null, "15": null}, "6": {"5": null, "7": null, "16": null}, "7": {"6": null, "8": null, "17": null}, "8": {"7": null, "9": null, "18": null}, "9": {"8": null}, "10": {"11": null}, "11": {"10": null, "12": null, "1": null, "21": null}, "12": {"11": null, "13": null, "2": null, "22": null}, "13": {"12": null, "14": null, "3": null, "23": null}, "14": {"13": null, "15": null, "4": null, "24": null}, "15": {"14": null, "16": null, "5": null, "25": null}, "16": {"15": null, "17": null, "6": null, "26": null}, "17": {"16": null, "18": null, "7": null, "27": null}, "18": {"17": null, "19": null, "8": null, "28": null}, "19": {"18": null}, "20": {"21": null}, "21": {"20": null, "22": null, "11": null, "31": null}, "22": {"21": null, "23": null, "12": null, "32": null}, "23": {"22": null, "24": null, "13": null, "33": null}, "24": {"23": null, "25": null, "14": null, "34": null}, "25": {"24": null, "26": null, "15": null, "35": null}, "26": {"25": null, "27": null, "16": null, "36": null}, "27": {"26": null, "28": null, "17": null, "37": null}, "28": {"27": null, "29": null, "18": null, "38": null}, "29": {"28": null}, "30": {"31": null}, "31": {"30": null, "32": null, "21": null, "41": null}, "32": {"31": null, "33": null, "22": null, "42": null}, "33": {"32": null, "34": null, "23": null, "43": null}, "34": {"33": null, "35": null, "24": null, "44": null}, "35": {"34": null, "36": null, "25": null, "45": null}, "36": {"35": null, "37": null, "26": null, "46": null}, "37": {"36": null, "38": null, "27": null, "47": null}, "38": {"37": null, "39": null, "28": null, "48": null}, "39": {"38": null}, "40": {"41": null}, "41": {"40": null,